{
  "images" : [
    {
      "idiom" : "universal",
      "filename" : "arrow-forward.png",
      "language-direction" : "left-to-right",
      "scale" : "1x"
    },
    {
      "idiom" : "universal",
      "filename" : "arrow-forward@2x.png",
      "language-direction" : "left-to-right",
      "scale" : "2x"
    },
    {
      "idiom" : "universal",
      "filename" : "arrow-forward@3x.png",
      "language-direction" : "left-to-right",
      "scale" : "3x"
    }
  ],
  "info" : {
    "version" : 1,
    "author" : "xcode"
  },
  "properties" : {
    "template-rendering-intent" : "original"
  }
}